Sample	Expression	SD
CRE1	82.54699833	4.30540343572962
CRE2	82.510992982	6.3750042987985
CRE4	83.086350618	5.77453943452178
CRE1 + CRE2	68.278539276	7.97017404259328
CRE1 + CRE4	66.028338218	10.6164658990247
CRE2 + CRE4	70.510748248	8.04161298774799
FOXA1 Promoter (+)	42.340283022	4.93251470255093
AAVS1 (-)	99.61558417	9.12643887188828
Chr14 (-)	97.372784756	6.14456975599625
