Sample	Expression	SD
CRE1	81.5736295433333	6.30667349754468
CRE2	69.8650255833333	9.99199973247108
CRE3	84.9810066	3.5890609779185
CRE4	88.3640573933333	4.53013054070528
CRE5	64.80457795	9.16024289229397
CRE6	53.98190165	6.55689265300123
FOXA1 Promoter (+)	51.8611317166667	1.46116769525415
AAVS1 (-)	101.086102233333	6.86945443809998
Chr14 (-)	100	0
