Test	Method	P
1	CRISPR	0.439393939393939
1	RNAi	0.267806267806268
2	CRISPR	0.0757575757575758
2	RNAi	
