Test	Method	P
1	CRISPR	0
1	RNAi	0.0277777777777778
2	CRISPR	0
2	RNAi	0.136520241171404
